-- Adminer 5.4.1 MySQL 8.0.43 dump

SET NAMES utf8;
SET time_zone = '+00:00';
SET foreign_key_checks = 0;
SET sql_mode = 'NO_AUTO_VALUE_ON_ZERO';

SET NAMES utf8mb4;

DROP TABLE IF EXISTS `etf_composition`;
CREATE TABLE `etf_composition` (
  `id` int NOT NULL AUTO_INCREMENT,
  `etf_code` varchar(10) NOT NULL,
  `stock_code` varchar(10) NOT NULL,
  `stock_name` varchar(50) NOT NULL,
  `weight` float NOT NULL,
  PRIMARY KEY (`id`)
) ENGINE=InnoDB DEFAULT CHARSET=utf8mb4 COLLATE=utf8mb4_0900_ai_ci;

INSERT INTO `etf_composition` (`id`, `etf_code`, `stock_code`, `stock_name`, `weight`) VALUES
(1,	'0050',	'2330',	'台積電',	52),
(2,	'0050',	'2317',	'鴻海',	6.5),
(3,	'00881',	'2330',	'台積電',	30.1),
(4,	'00881',	'2317',	'鴻海',	12.4),
(5,	'00881',	'2454',	'聯發科',	15);

DROP TABLE IF EXISTS `etf_tickers`;
CREATE TABLE `etf_tickers` (
  `id` int NOT NULL,
  `name` varchar(100) COLLATE utf8mb4_unicode_ci NOT NULL,
  `ticker_yfinance` varchar(20) COLLATE utf8mb4_unicode_ci NOT NULL,
  `ticker` varchar(20) COLLATE utf8mb4_unicode_ci NOT NULL,
  `types` int DEFAULT NULL,
  PRIMARY KEY (`id`),
  KEY `types` (`types`),
  CONSTRAINT `etf_tickers_ibfk_1` FOREIGN KEY (`types`) REFERENCES `etf_tickers` (`id`) ON DELETE RESTRICT ON UPDATE RESTRICT
) ENGINE=InnoDB DEFAULT CHARSET=utf8mb4 COLLATE=utf8mb4_unicode_ci;

INSERT INTO `etf_tickers` (`id`, `name`, `ticker_yfinance`, `ticker`, `types`) VALUES
(1,	'群益ESG投等債20+',	'00937B.TWO',	'00937B',	1),
(2,	'元大AAA至A公司債',	'00751B.TWO',	'00751B',	1),
(3,	'元大投資級公司債',	'00720B.TWO',	'00720B',	1),
(4,	'國泰投資級公司債',	'00725B.TWO',	'00725B',	1),
(5,	'中信高評級公司債',	'00772B.TWO',	'00772B',	1),
(6,	'國泰A級公司債',	'00761B.TWO',	'00761B',	1),
(7,	'富邦A級公司債',	'00746B.TWO',	'00746B',	1),
(8,	'富邦全球投等債',	'00740B.TWO',	'00740B',	1),
(9,	'凱基AAA至A公司債',	'00777B.TWO',	'00777B',	1),
(10,	'群益A級公司債',	'00792B.TWO',	'00792B',	1),
(11,	'中信優息投資級債',	'00948B.TWO',	'00948B',	1),
(12,	'群益AAA-AA公司債',	'00754B.TWO',	'00754B',	1),
(13,	'中信投資級公司債',	'00862B.TWO',	'00862B',	1),
(14,	'台新美A公司債20+',	'00942B.TWO',	'00942B',	1),
(15,	'統一美債10年Aa-A',	'00853B.TWO',	'00853B',	1),
(16,	'凱基AAA-AA公司債',	'00841B.TWO',	'00841B',	1),
(17,	'中信ESG投資級債',	'00883B.TWO',	'00883B',	1),
(18,	'中信優先金融債',	'00773B.TWO',	'00773B',	1),
(19,	'國泰10Y+金融債',	'00933B.TWO',	'00933B',	1),
(20,	'群益投資級電信債',	'00722B.TWO',	'00722B',	1),
(21,	'富邦金融投等債',	'00785B.TWO',	'00785B',	1),
(22,	'中信全球電信債',	'00863B.TWO',	'00863B',	1),
(23,	'國泰A級金融債',	'00780B.TWO',	'00780B',	1),
(24,	'國泰A級公用債',	'00782B.TWO',	'00782B',	1),
(25,	'國泰A級醫療債',	'00799B.TWO',	'00799B',	1),
(26,	'國泰A級科技債',	'00781B.TWO',	'00781B',	1),
(27,	'群益AAA-A醫療債',	'00793B.TWO',	'00793B',	1),
(28,	'復華彭博新興債',	'00711B.TW',	'00711B',	1),
(29,	'富邦中國政策債',	'00718B.TWO',	'00718B',	1),
(30,	'國泰新興投等債',	'00726B.TWO',	'00726B',	1),
(31,	'台新JPM新興債',	'00734B.TWO',	'00734B',	1),
(32,	'凱基新興債10+',	'00749B.TWO',	'00749B',	1),
(33,	'群益投等新興公債',	'00756B.TWO',	'00756B',	1),
(34,	'復華新興企業債',	'00760B.TWO',	'00760B',	1),
(35,	'富邦中國投等債',	'00784B.TWO',	'00784B',	1),
(36,	'群益7+中國政金債',	'00794B.TWO',	'00794B',	1),
(37,	'中信新興亞洲債',	'00848B.TWO',	'00848B',	1),
(38,	'中信EM主權債0-5',	'00849B.TWO',	'00849B',	1),
(39,	'中信低碳新興債',	'00884B.TWO',	'00884B',	1),
(40,	'元大台灣50',	'0050.TW',	'0050',	2),
(41,	'元大中型100',	'0051.TW',	'0051',	2),
(42,	'富邦科技',	'0052.TW',	'0052',	3),
(43,	'元大電子',	'0053.TW',	'0053',	3),
(44,	'元大MSCI金融',	'0055.TW',	'0055',	3),
(45,	'元大高股息',	'0056.TW',	'0056',	4),
(46,	'富邦摩台',	'0057.TW',	'0057',	2),
(47,	'元大寶滬深',	'0061.TW',	'0061',	5),
(48,	'富邦上証+R',	'00625K.TW',	'00625K',	6),
(49,	'元大台灣50正2',	'00631L.TW',	'00631L',	7),
(50,	'元大台灣50反1',	'00632R.TW',	'00632R',	6),
(51,	'富邦上証正2',	'00633L.TW',	'00633L',	7),
(52,	'富邦上証反1',	'00634R.TW',	'00634R',	6),
(53,	'期元大S&P黃金',	'00635U.TW',	'00635U',	8),
(54,	'國泰中國A50+U',	'00636K.TW',	'00636K',	1),
(55,	'國泰中國A50',	'00636.TW',	'00636',	1),
(56,	'元大滬深300正2',	'00637L.TW',	'00637L',	7),
(57,	'元大滬深300反1',	'00638R.TW',	'00638R',	6),
(58,	'富邦深100',	'00639.TW',	'00639',	9),
(59,	'富邦日本正2',	'00640L.TW',	'00640L',	7),
(60,	'富邦日本反1',	'00641R.TW',	'00641R',	6),
(61,	'期元大S&P石油',	'00642U.TW',	'00642U',	8),
(62,	'群益深証中小+R',	'00643K.TW',	'00643K',	6),
(63,	'群益深証中小',	'00643.TW',	'00643',	9),
(64,	'富邦日本',	'00645.TW',	'00645',	5),
(65,	'元大S&P500',	'00646.TW',	'00646',	5),
(66,	'元大S&P500正2',	'00647L.TW',	'00647L',	7),
(67,	'元大S&P500反1',	'00648R.TW',	'00648R',	6),
(68,	'復華香港正2',	'00650L.TW',	'00650L',	7),
(69,	'復華香港反1',	'00651R.TW',	'00651R',	6),
(70,	'富邦印度',	'00652.TW',	'00652',	5),
(71,	'富邦印度正2',	'00653L.TW',	'00653L',	7),
(72,	'富邦印度反1',	'00654R.TW',	'00654R',	6),
(73,	'國泰中國A50正2',	'00655L.TW',	'00655L',	1),
(74,	'國泰中國A50反1',	'00656R.TW',	'00656R',	1),
(75,	'國泰日經225',	'00657.TW',	'00657',	5),
(76,	'國泰日經225+U',	'00657K.TW',	'00657K',	5),
(77,	'元大歐洲50',	'00660.TW',	'00660',	5),
(78,	'元大日經225',	'00661.TW',	'00661',	5),
(79,	'富邦NASDAQ',	'00662.TW',	'00662',	1),
(80,	'國泰臺灣加權正2',	'00663L.TW',	'00663L',	7),
(81,	'國泰臺灣加權反1',	'00664R.TW',	'00664R',	6),
(82,	'富邦恒生國企正2',	'00665L.TW',	'00665L',	7),
(83,	'富邦恒生國企反1',	'00666R.TW',	'00666R',	6),
(84,	'國泰美國道瓊+U',	'00668K.TW',	'00668K',	5),
(85,	'國泰美國道瓊',	'00668.TW',	'00668',	5),
(86,	'國泰美國道瓊反1',	'00669R.TW',	'00669R',	6),
(87,	'富邦NASDAQ正2',	'00670L.TW',	'00670L',	1),
(88,	'富邦NASDAQ反1',	'00671R.TW',	'00671R',	1),
(89,	'期元大S&P原油反1',	'00673R.TW',	'00673R',	6),
(90,	'期元大S&P黃金反1',	'00674R.TW',	'00674R',	6),
(91,	'富邦臺灣加權正2',	'00675L.TW',	'00675L',	7),
(92,	'富邦臺灣加權反1',	'00676R.TW',	'00676R',	6),
(93,	'群益那斯達克生技',	'00678.TW',	'00678',	3),
(94,	'元大美債20年',	'00679B.TWO',	'00679B',	1),
(95,	'元大美債20正2',	'00680L.TW',	'00680L',	1),
(96,	'元大美債20反1',	'00681R.TW',	'00681R',	1),
(97,	'期元大美元指數',	'00682U.TW',	'00682U',	8),
(98,	'期元大美元指正2',	'00683L.TW',	'00683L',	7),
(99,	'期元大美元指反1',	'00684R.TW',	'00684R',	6),
(100,	'群益臺灣加權正2',	'00685L.TW',	'00685L',	7),
(101,	'群益臺灣加權反1',	'00686R.TW',	'00686R',	6),
(102,	'國泰20年美債',	'00687B.TWO',	'00687B',	1),
(103,	'國泰20年美債+櫃U',	'00687C.TWO',	'00687C',	1),
(104,	'國泰20年美債正2',	'00688L.TW',	'00688L',	1),
(105,	'國泰20年美債反1',	'00689R.TW',	'00689R',	1),
(106,	'兆豐藍籌30',	'00690.TW',	'00690',	10),
(107,	'富邦公司治理',	'00692.TW',	'00692',	10),
(108,	'期街口S&P黃豆',	'00693U.TW',	'00693U',	8),
(109,	'富邦美債1-3',	'00694B.TWO',	'00694B',	1),
(110,	'富邦美債7-10',	'00695B.TWO',	'00695B',	1),
(111,	'富邦美債20年',	'00696B.TWO',	'00696B',	1),
(112,	'元大美債7-10',	'00697B.TWO',	'00697B',	1),
(113,	'富邦恒生國企',	'00700.TW',	'00700',	5),
(114,	'國泰股利精選30',	'00701.TW',	'00701',	4),
(115,	'國泰標普低波高息',	'00702.TW',	'00702',	4),
(116,	'台新MSCI中國',	'00703.TW',	'00703',	5),
(117,	'期元大S&P日圓正2',	'00706L.TW',	'00706L',	7),
(118,	'期元大S&P日圓反1',	'00707R.TW',	'00707R',	6),
(119,	'期元大S&P黃金正2',	'00708L.TW',	'00708L',	7),
(120,	'富邦歐洲',	'00709.TW',	'00709',	5),
(121,	'復華彭博非投等債',	'00710B.TW',	'00710B',	1),
(122,	'復華彭博新興債',	'00711B.TW',	'00711B',	1),
(123,	'復華富時不動產',	'00712.TW',	'00712',	5),
(124,	'元大台灣高息低波',	'00713.TW',	'00713',	4),
(125,	'群益道瓊美國地產',	'00714.TW',	'00714',	5),
(126,	'期街口布蘭特正2',	'00715L.TW',	'00715L',	7),
(127,	'富邦美國特別股',	'00717.TW',	'00717',	5),
(128,	'富邦中國政策債',	'00718B.TWO',	'00718B',	1),
(129,	'元大美債1-3',	'00719B.TWO',	'00719B',	1),
(130,	'元大投資級公司債',	'00720B.TWO',	'00720B',	1),
(131,	'群益投資級電信債',	'00722B.TWO',	'00722B',	1),
(132,	'群益投資級科技債',	'00723B.TWO',	'00723B',	1),
(133,	'群益投資級金融債',	'00724B.TWO',	'00724B',	1),
(134,	'國泰投資級公司債',	'00725B.TWO',	'00725B',	1),
(135,	'國泰新興投等債',	'00726B.TWO',	'00726B',	1),
(136,	'國泰優選非投等債',	'00727B.TWO',	'00727B',	1),
(137,	'第一金工業30',	'00728.TW',	'00728',	3),
(138,	'富邦臺灣優質高息',	'00730.TW',	'00730',	4),
(139,	'復華富時高息低波',	'00731.TW',	'00731',	4),
(140,	'富邦臺灣中小',	'00733.TW',	'00733',	9),
(141,	'台新JPM新興債',	'00734B.TWO',	'00734B',	1),
(142,	'國泰臺韓科技',	'00735.TW',	'00735',	3),
(143,	'國泰新興市場',	'00736.TW',	'00736',	5),
(144,	'國泰AI+Robo',	'00737.TW',	'00737',	1),
(145,	'期元大道瓊白銀',	'00738U.TW',	'00738U',	8),
(146,	'元大MSCI A股',	'00739.TW',	'00739',	1),
(147,	'富邦全球投等債',	'00740B.TWO',	'00740B',	1),
(148,	'富邦全球非投等債',	'00741B.TWO',	'00741B',	1),
(149,	'富邦A級公司債',	'00746B.TWO',	'00746B',	1),
(150,	'凱基新興債10+',	'00749B.TWO',	'00749B',	1),
(151,	'凱基科技債10+',	'00750B.TWO',	'00750B',	1),
(152,	'元大AAA至A公司債',	'00751B.TWO',	'00751B',	1),
(153,	'中信中國50',	'00752.TW',	'00752',	5),
(154,	'中信中國50正2',	'00753L.TW',	'00753L',	7),
(155,	'群益AAA-AA公司債',	'00754B.TWO',	'00754B',	1),
(156,	'群益投資級公用債',	'00755B.TWO',	'00755B',	1),
(157,	'群益投等新興公債',	'00756B.TWO',	'00756B',	1),
(158,	'統一FANG+',	'00757.TW',	'00757',	1),
(159,	'復華能源債',	'00758B.TWO',	'00758B',	1),
(160,	'復華製藥債',	'00759B.TWO',	'00759B',	1),
(161,	'復華新興企業債',	'00760B.TWO',	'00760B',	1),
(162,	'國泰A級公司債',	'00761B.TWO',	'00761B',	1),
(163,	'元大全球AI',	'00762.TW',	'00762',	1),
(164,	'期街口道瓊銅',	'00763U.TW',	'00763U',	8),
(165,	'群益25年美債',	'00764B.TWO',	'00764B',	1),
(166,	'復華20年美債',	'00768B.TWO',	'00768B',	1),
(167,	'國泰北美科技',	'00770.TW',	'00770',	3),
(168,	'元大US高息特別股',	'00771.TW',	'00771',	4),
(169,	'中信高評級公司債',	'00772B.TWO',	'00772B',	1),
(170,	'中信優先金融債',	'00773B.TWO',	'00773B',	1),
(171,	'凱基AAA至A公司債',	'00777B.TWO',	'00777B',	1),
(172,	'凱基金融債20+',	'00778B.TWO',	'00778B',	1),
(173,	'凱基美債25+',	'00779B.TWO',	'00779B',	1),
(174,	'國泰A級金融債',	'00780B.TWO',	'00780B',	1),
(175,	'國泰A級科技債',	'00781B.TWO',	'00781B',	1),
(176,	'國泰A級公用債',	'00782B.TWO',	'00782B',	1),
(177,	'富邦中証500',	'00783.TW',	'00783',	9),
(178,	'富邦中國投等債',	'00784B.TWO',	'00784B',	1),
(179,	'富邦金融投等債',	'00785B.TWO',	'00785B',	1),
(180,	'元大10年IG銀行債',	'00786B.TWO',	'00786B',	1),
(181,	'元大10年IG醫療債',	'00787B.TWO',	'00787B',	1),
(182,	'元大10年IG電能債',	'00788B.TWO',	'00788B',	1),
(183,	'復華公司債A3',	'00789B.TWO',	'00789B',	1),
(184,	'復華次順位金融債',	'00790B.TWO',	'00790B',	1),
(185,	'復華信用債1-5',	'00791B.TWO',	'00791B',	1),
(186,	'群益A級公司債',	'00792B.TWO',	'00792B',	1),
(187,	'群益AAA-A醫療債',	'00793B.TWO',	'00793B',	1),
(188,	'群益7+中國政金債',	'00794B.TWO',	'00794B',	1),
(189,	'中信美國公債20年',	'00795B.TWO',	'00795B',	1),
(190,	'國泰A級醫療債',	'00799B.TWO',	'00799B',	1),
(191,	'國泰費城半導體',	'00830.TW',	'00830',	3),
(192,	'第一金金融債10+',	'00834B.TWO',	'00834B',	1),
(193,	'永豐10年A公司債',	'00836B.TWO',	'00836B',	1),
(194,	'凱基IG精選15+',	'00840B.TWO',	'00840B',	9),
(195,	'凱基AAA-AA公司債',	'00841B.TWO',	'00841B',	1),
(196,	'台新美元銀行債',	'00842B.TWO',	'00842B',	1),
(197,	'富邦新興投等債',	'00845B.TWO',	'00845B',	1),
(198,	'富邦歐洲銀行債',	'00846B.TWO',	'00846B',	1),
(199,	'中信美國市政債',	'00847B.TWO',	'00847B',	1),
(200,	'中信新興亞洲債',	'00848B.TWO',	'00848B',	1),
(201,	'中信EM主權債0-5',	'00849B.TWO',	'00849B',	1),
(202,	'元大臺灣ESG永續',	'00850.TW',	'00850',	10),
(203,	'台新全球AI',	'00851.TW',	'00851',	1),
(204,	'國泰美國道瓊正2',	'00852L.TW',	'00852L',	7),
(205,	'統一美債10年Aa-A',	'00853B.TWO',	'00853B',	1),
(206,	'永豐1-3年美公債',	'00856B.TWO',	'00856B',	1),
(207,	'永豐20年美公債',	'00857B.TWO',	'00857B',	1),
(208,	'永豐美國500大',	'00858.TWO',	'00858',	5),
(209,	'群益0-1年美債',	'00859B.TWO',	'00859B',	1),
(210,	'群益1-5Y投資級債',	'00860B.TWO',	'00860B',	1),
(211,	'元大全球未來通訊',	'00861.TW',	'00861',	5),
(212,	'中信投資級公司債',	'00862B.TWO',	'00862B',	1),
(213,	'中信全球電信債',	'00863B.TWO',	'00863B',	1),
(214,	'中信美國公債0-1',	'00864B.TWO',	'00864B',	1),
(215,	'國泰US短期公債',	'00865B.TW',	'00865B',	1),
(216,	'元大15年EM主權債',	'00870B.TWO',	'00870B',	1),
(217,	'國泰網路資安',	'00875.TW',	'00875',	3),
(218,	'元大全球5G',	'00876.TW',	'00876',	3),
(219,	'復華中國5G',	'00877.TWO',	'00877',	3),
(220,	'國泰永續高股息',	'00878.TW',	'00878',	4),
(221,	'國泰台灣5G+',	'00881.TW',	'00881',	3),
(222,	'中信中國高股息',	'00882.TW',	'00882',	4),
(223,	'中信ESG投資級債',	'00883B.TWO',	'00883B',	1),
(224,	'中信低碳新興債',	'00884B.TWO',	'00884B',	1),
(225,	'富邦越南',	'00885.TW',	'00885',	5),
(226,	'永豐美國科技',	'00886.TWO',	'00886',	3),
(227,	'永豐中國科技50大',	'00887.TWO',	'00887',	3),
(228,	'永豐台灣ESG',	'00888.TWO',	'00888',	10),
(229,	'凱基ESGBBB債15+',	'00890B.TWO',	'00890B',	1),
(230,	'中信關鍵半導體',	'00891.TW',	'00891',	3),
(231,	'富邦台灣半導體',	'00892.TW',	'00892',	3),
(232,	'國泰智能電動車',	'00893.TW',	'00893',	3),
(233,	'中信小資高價30',	'00894.TW',	'00894',	9),
(234,	'富邦未來車',	'00895.TW',	'00895',	9),
(235,	'中信綠能及電動車',	'00896.TW',	'00896',	3),
(236,	'富邦基因免疫生技',	'00897.TW',	'00897',	3),
(237,	'國泰基因免疫革命',	'00898.TW',	'00898',	9),
(238,	'FT潔淨能源',	'00899.TW',	'00899',	9),
(239,	'富邦特選高股息30',	'00900.TW',	'00900',	4),
(240,	'永豐智能車供應鏈',	'00901.TW',	'00901',	9),
(241,	'中信電池及儲能',	'00902.TW',	'00902',	9),
(242,	'富邦元宇宙',	'00903.TW',	'00903',	9),
(243,	'FT臺灣Smart',	'00905.TW',	'00905',	9),
(244,	'永豐優息存股',	'00907.TW',	'00907',	4),
(245,	'富邦入息REITs+',	'00908.TW',	'00908',	6),
(246,	'國泰數位支付服務',	'00909.TW',	'00909',	9),
(247,	'第一金太空衛星',	'00910.TW',	'00910',	9),
(248,	'兆豐洲際半導體',	'00911.TW',	'00911',	3),
(249,	'中信臺灣智慧50',	'00912.TW',	'00912',	9),
(250,	'兆豐台灣晶圓製造',	'00913.TW',	'00913',	9),
(251,	'凱基優選高股息30',	'00915.TW',	'00915',	4),
(252,	'國泰全球品牌50',	'00916.TW',	'00916',	5),
(253,	'中信特選金融',	'00917.TW',	'00917',	3),
(254,	'大華優利高填息30',	'00918.TW',	'00918',	9),
(255,	'群益台灣精選高息',	'00919.TW',	'00919',	4),
(256,	'富邦ESG綠色電力',	'00920.TW',	'00920',	10),
(257,	'兆豐龍頭等權重',	'00921.TW',	'00921',	9),
(258,	'國泰台灣領袖50',	'00922.TW',	'00922',	9),
(259,	'群益台ESG低碳50',	'00923.TW',	'00923',	10),
(260,	'復華S&P500成長',	'00924.TW',	'00924',	5),
(261,	'凱基全球菁英55',	'00926.TW',	'00926',	5),
(262,	'群益半導體收益',	'00927.TW',	'00927',	3),
(263,	'中信上櫃ESG30',	'00928.TWO',	'00928',	10),
(264,	'復華台灣科技優息',	'00929.TW',	'00929',	4),
(265,	'永豐ESG低碳高息',	'00930.TW',	'00930',	4),
(266,	'統一美債20年',	'00931B.TWO',	'00931B',	1),
(267,	'兆豐永續高息等權',	'00932.TW',	'00932',	4),
(268,	'國泰10Y+金融債',	'00933B.TWO',	'00933B',	1),
(269,	'中信成長高股息',	'00934.TW',	'00934',	4),
(270,	'野村臺灣新科技50',	'00935.TW',	'00935',	3),
(271,	'台新永續高息中小',	'00936.TW',	'00936',	4),
(272,	'群益ESG投等債20+',	'00937B.TWO',	'00937B',	1),
(273,	'凱基優選30',	'00938.TW',	'00938',	10),
(274,	'統一台灣高息動能',	'00939.TW',	'00939',	4),
(275,	'元大台灣價值高息',	'00940.TW',	'00940',	4),
(276,	'中信上游半導體',	'00941.TW',	'00941',	3),
(277,	'台新美A公司債20+',	'00942B.TWO',	'00942B',	1),
(278,	'兆豐電子高息等權',	'00943.TW',	'00943',	4),
(279,	'野村趨勢動能高息',	'00944.TW',	'00944',	4),
(280,	'凱基美國非投等債',	'00945B.TW',	'00945B',	1),
(281,	'群益科技高息成長',	'00946.TW',	'00946',	4),
(282,	'台新臺灣IC設計',	'00947.TW',	'00947',	3),
(283,	'中信優息投資級債',	'00948B.TWO',	'00948B',	1),
(284,	'復華日本龍頭',	'00949.TW',	'00949',	5),
(285,	'凱基A級公司債',	'00950B.TWO',	'00950B',	1),
(286,	'台新日本半導體',	'00951.TW',	'00951',	3),
(287,	'凱基台灣AI50',	'00952.TW',	'00952',	1),
(288,	'群益優選非投等債',	'00953B.TW',	'00953B',	1),
(289,	'中信日本半導體',	'00954.TW',	'00954',	3),
(290,	'中信日本商社',	'00955.TWO',	'00955',	5),
(291,	'中信日經高股息',	'00956.TW',	'00956',	4),
(292,	'兆豐US優選投等債',	'00957B.TWO',	'00957B',	1),
(293,	'永豐ESG銀行債15+',	'00958B.TWO',	'00958B',	1),
(294,	'大華投等美債15Y+',	'00959B.TWO',	'00959B',	1),
(295,	'野村全球航運龍頭',	'00960.TW',	'00960',	5),
(296,	'FT臺灣永續高息',	'00961.TW',	'00961',	4),
(297,	'台新AI優息動能',	'00962.TW',	'00962',	1),
(298,	'中信全球高股息',	'00963.TW',	'00963',	4),
(299,	'中信亞太高股息',	'00964.TW',	'00964',	4),
(300,	'元大航太防衛科技',	'00965.TW',	'00965',	3),
(301,	'統一ESG投等債15+',	'00966B.TWO',	'00966B',	1),
(302,	'元大優息美債',	'00967B.TWO',	'00967B',	1),
(303,	'元大優息投等債',	'00968B.TWO',	'00968B',	1),
(304,	'元大零息超長美債',	'00969B.TWO',	'00969B',	1),
(305,	'野村美國研發龍頭',	'00971.TW',	'00971',	5),
(306,	'野村日本動能高息',	'00972.TW',	'00972',	4),
(307,	'台新特選IG債10+',	'00980B.TWO',	'00980B',	1),
(308,	'元大富櫃50',	'006201.TWO',	'006201',	9),
(309,	'元大MSCI台灣',	'006203.TW',	'006203',	9),
(310,	'永豐臺灣加權',	'006204.TW',	'006204',	2),
(311,	'富邦上証',	'006205.TW',	'006205',	9),
(312,	'元大上證50',	'006206.TW',	'006206',	9),
(313,	'復華滬深',	'006207.TW',	'006207',	5),
(314,	'富邦台50',	'006208.TW',	'006208',	9),
(315,	'中信NASDAQ',	'009800.TW',	'009800',	1),
(316,	'中信美國創新科技',	'009801.TW',	'009801',	3);

DROP TABLE IF EXISTS `etf_types`;
CREATE TABLE `etf_types` (
  `id` int NOT NULL,
  `name` varchar(50) COLLATE utf8mb4_unicode_ci NOT NULL,
  PRIMARY KEY (`id`)
) ENGINE=InnoDB DEFAULT CHARSET=utf8mb4 COLLATE=utf8mb4_unicode_ci;

INSERT INTO `etf_types` (`id`, `name`) VALUES
(1,	'債券型 ETF'),
(2,	'市值型 ETF'),
(3,	'產業型 ETF'),
(4,	'配息型 ETF'),
(5,	'區域型 ETF'),
(6,	'反向型 ETF'),
(7,	'槓桿型 ETF'),
(8,	'商品期貨型 ETF'),
(9,	'其他/未分類'),
(10,	'價值/成長/主題型 ETF');

DROP TABLE IF EXISTS `stock_name_map`;
CREATE TABLE `stock_name_map` (
  `id` int NOT NULL AUTO_INCREMENT,
  `name_en` varchar(255) CHARACTER SET utf8mb4 COLLATE utf8mb4_unicode_ci NOT NULL,
  `name_cn` varchar(100) CHARACTER SET utf8mb4 COLLATE utf8mb4_unicode_ci NOT NULL,
  `stock_ticker` varchar(20) CHARACTER SET utf8mb4 COLLATE utf8mb4_unicode_ci DEFAULT NULL,
  `sector_id` int DEFAULT NULL,
  PRIMARY KEY (`id`),
  UNIQUE KEY `name_en` (`name_en`),
  KEY `fk_stock_sector` (`sector_id`),
  CONSTRAINT `fk_stock_sector` FOREIGN KEY (`sector_id`) REFERENCES `stock_sectors` (`id`)
) ENGINE=InnoDB DEFAULT CHARSET=utf8mb4 COLLATE=utf8mb4_unicode_ci;

INSERT INTO `stock_name_map` (`id`, `name_en`, `name_cn`, `stock_ticker`, `sector_id`) VALUES
(1,	'Taiwan Semiconductor Manufacturing Co Ltd',	'台積電',	'2330',	1),
(2,	'Hon Hai Precision Industry Co Ltd',	'鴻海',	'2317',	2),
(3,	'MediaTek Inc',	'聯發科',	'2454',	1),
(4,	'Quanta Computer Inc',	'廣達',	'2382',	2),
(5,	'Delta Electronics Inc',	'台達電',	'2308',	5),
(6,	'United Microelectronics Corp',	'聯電',	'2303',	1),
(7,	'Fubon Financial Holdings Co Ltd',	'富邦金',	'2881',	4),
(8,	'Cathay Financial Holding Co Ltd',	'國泰金',	'2882',	4),
(9,	'CTBC Financial Holding Co Ltd',	'中信金',	'2891',	4),
(10,	'Mega Financial Holding Co Ltd',	'兆豐金',	'2886',	4),
(11,	'ASE Technology Holding Co Ltd',	'日月光投控',	'3711',	1),
(12,	'Accton Technology Corp',	'智邦',	'2345',	4),
(13,	'Asustek Computer Inc',	'華碩',	'2357',	2),
(14,	'Chunghwa Telecom Co Ltd',	'中華電',	'2412',	4),
(15,	'Nan Ya Plastics Corp',	'南亞',	'1303',	6),
(16,	'China Steel Corp',	'中鋼',	'2002',	7),
(17,	'Formosa Plastics Corp',	'台塑',	'1301',	6),
(18,	'Uni-President Enterprises Corp',	'統一',	'1216',	8),
(29,	'Elite Material Co Ltd',	'台燿',	'6274',	5),
(30,	'Asia Vital Components Co Ltd',	'奇鋐',	'3017',	5),
(31,	'Wistron Corp',	'緯創',	'3231',	2),
(42,	'Wiwynn Corp',	'緯穎',	'6669',	2),
(43,	'Gigabyte Technology Co Ltd',	'技嘉',	'2376',	2),
(44,	'Inventec Corp',	'英業達',	'2356',	2),
(45,	'Lite-On Technology Corp',	'光寶科',	'2301',	2),
(46,	'Novatek Microelectronics Corp',	'聯詠',	'3034',	1),
(47,	'Realtek Semiconductor Corp',	'瑞昱',	'2379',	1),
(48,	'Globalwafers Co Ltd',	'環球晶',	'6488',	1),
(49,	'Winbond Electronics Corp',	'華邦電',	'2344',	1),
(56,	'E.Sun Financial Holding Co Ltd',	'玉山金',	'2884',	4),
(57,	'First Financial Holding Co Ltd',	'第一金',	'2892',	4),
(58,	'Taiwan Cooperative Financial Holding Co Ltd',	'合庫金',	'5880',	4),
(59,	'Hua Nan Financial Holdings Co Ltd',	'華南金',	'2880',	4),
(60,	'Yuanta Financial Holding Co Ltd',	'元大金',	'2885',	4),
(61,	'Zhongji Innolight Co Ltd Class A',	'中際旭創',	'300308.SZ',	9),
(62,	'China Yangtze Power Co Ltd Class A',	'長江電力',	'600900.SS',	10),
(63,	'Agricultural Bank of China Ltd Class A',	'農業銀行',	'601288.SS',	4),
(64,	'Zijin Mining Group Co Ltd Class A',	'紫金礦業',	'601899.SS',	11),
(65,	'Contemporary Amperex Technology Co Ltd Class A',	'寧德時代',	'300750.SZ',	12),
(66,	'Ping An Insurance (Group) Co. of China Ltd Class A',	'中國平安',	'601318.SS',	4),
(67,	'China Merchants Bank Co Ltd Class A',	'招商銀行',	'600036.SS',	4),
(68,	'Industrial And Commercial Bank Of China Ltd Class A',	'工商銀行',	'601398.SS',	4),
(69,	'Foxconn Industrial Internet Co Ltd Class A',	'工業富聯',	'601138.SS',	2),
(70,	'Kweichow Moutai Co Ltd Class A',	'貴州茅台',	'600519.SS',	13),
(71,	'Industrial Bank Co Ltd Class A',	'興業銀行',	'601166.SS',	4);

DROP TABLE IF EXISTS `stock_sectors`;
CREATE TABLE `stock_sectors` (
  `id` int NOT NULL AUTO_INCREMENT,
  `sector_name` varchar(50) COLLATE utf8mb4_unicode_ci NOT NULL,
  PRIMARY KEY (`id`),
  UNIQUE KEY `sector_name` (`sector_name`)
) ENGINE=InnoDB DEFAULT CHARSET=utf8mb4 COLLATE=utf8mb4_unicode_ci;

INSERT INTO `stock_sectors` (`id`, `sector_name`) VALUES
(1,	'半導體'),
(6,	'塑膠工業'),
(11,	'有色金屬'),
(5,	'通信網路'),
(9,	'通信設備'),
(4,	'金融業'),
(7,	'鋼鐵工業'),
(10,	'電力業'),
(12,	'電力設備'),
(3,	'電子零組件'),
(2,	'電腦及週邊'),
(8,	'食品工業'),
(13,	'食品飲料');

DROP TABLE IF EXISTS `user_portfolio`;
CREATE TABLE `user_portfolio` (
  `id` int NOT NULL AUTO_INCREMENT,
  `user_id` int NOT NULL,
  `stock_name` varchar(50) COLLATE utf8mb4_unicode_ci DEFAULT NULL,
  `stock_code` varchar(10) COLLATE utf8mb4_unicode_ci DEFAULT NULL,
  `buy_price` float DEFAULT NULL,
  `dividend` float DEFAULT NULL,
  `current_price` float DEFAULT NULL,
  `buy_date` date DEFAULT NULL,
  PRIMARY KEY (`id`),
  KEY `user_id` (`user_id`),
  CONSTRAINT `user_portfolio_ibfk_1` FOREIGN KEY (`user_id`) REFERENCES `users` (`id`)
) ENGINE=InnoDB DEFAULT CHARSET=utf8mb4 COLLATE=utf8mb4_unicode_ci;

INSERT INTO `user_portfolio` (`id`, `user_id`, `stock_name`, `stock_code`, `buy_price`, `dividend`, `current_price`, `buy_date`) VALUES
(1,	1,	'元大滬深300反1',	'00638R',	6,	100,	6.78,	'2026-01-07');

DROP TABLE IF EXISTS `users`;
CREATE TABLE `users` (
  `id` int NOT NULL AUTO_INCREMENT,
  `id_card` varchar(20) NOT NULL,
  `username` varchar(50) NOT NULL,
  `phone` varchar(20) DEFAULT NULL,
  `email` varchar(100) NOT NULL,
  `password` varchar(255) NOT NULL,
  `risk_level` varchar(10) DEFAULT '中風險',
  PRIMARY KEY (`id`),
  UNIQUE KEY `id_card` (`id_card`),
  UNIQUE KEY `email` (`email`)
) ENGINE=InnoDB DEFAULT CHARSET=utf8mb4 COLLATE=utf8mb4_0900_ai_ci;

INSERT INTO `users` (`id`, `id_card`, `username`, `phone`, `email`, `password`, `risk_level`) VALUES
(1,	'A123456789',	'test',	'None',	'test@test.com',	'scrypt:32768:8:1$IJL7E7FmT77pjcOJ$7e8e2c3b88e43ef689219df0b18fd259d9cf239814c6f434ff366ed9a28e8ac629b3b13d44520dc66b61f097fa9493ff9f3063577345836b2801fb5b24f7c7aa',	'低風險');

-- 2026-03-01 04:43:49 UTC
